Date,Index,Inflation
01/01/2015,233.707,-0.47
01/02/2015,234.722,0.43
01/03/2015,236.119,0.6
01/04/2015,236.599,0.2
01/05/2015,237.805,0.51
01/06/2015,238.638,0.35
01/07/2015,238.654,0.01
01/08/2015,238.316,-0.14
01/09/2015,237.945,-0.16
01/10/2015,237.838,-0.04
01/11/2015,237.336,-0.21
01/12/2015,236.525,-0.34
01/01/2016,236.916,0.17
01/02/2016,237.111,0.08
01/03/2016,238.132,0.43
01/04/2016,239.261,0.47
01/05/2016,240.229,0.4
01/06/2016,241.018,0.33
01/07/2016,240.628,-0.16
01/08/2016,240.849,0.09
01/09/2016,241.428,0.24
01/10/2016,241.729,0.12
01/11/2016,241.353,-0.16
01/12/2016,241.432,0.03
01/01/2017,242.839,0.58
01/02/2017,243.603,0.31
01/03/2017,243.801,0.08
01/04/2017,244.524,0.3
01/05/2017,244.733,0.09
01/06/2017,244.955,0.09
01/07/2017,244.786,-0.07
01/08/2017,245.519,0.3
01/09/2017,246.819,0.53
01/10/2017,246.663,-0.06
01/11/2017,246.669,0.0
01/12/2017,246.524,-0.06
01/01/2018,247.867,0.54
01/02/2018,248.991,0.45
01/03/2018,249.554,0.23
01/04/2018,250.546,0.4
01/05/2018,251.588,0.42
01/06/2018,251.989,0.16
01/07/2018,252.006,0.01
01/08/2018,252.146,0.06
01/09/2018,252.439,0.12
01/10/2018,252.885,0.18
01/11/2018,252.038,-0.33
01/12/2018,251.233,-0.32
01/01/2019,251.712,0.19
01/02/2019,252.776,0.42
01/03/2019,254.202,0.56
01/04/2019,255.548,0.53
01/05/2019,256.092,0.21
01/06/2019,256.143,0.02
01/07/2019,256.571,0.17
01/08/2019,256.558,-0.01
01/09/2019,256.759,0.08
01/10/2019,257.346,0.23
01/11/2019,257.208,-0.05
01/12/2019,256.974,-0.09
