Date,Close
03/01/2000,1455.219971
01/02/2000,1409.280029
01/03/2000,1379.189941
03/04/2000,1505.969971
01/05/2000,1468.250000
01/06/2000,1448.810059
03/07/2000,1469.540039
01/08/2000,1438.099976
01/09/2000,1520.770020
02/10/2000,1436.229980
01/11/2000,1421.219971
01/12/2000,1315.229980
02/01/2001,1283.270020
01/02/2001,1373.469971
01/03/2001,1241.229980
02/04/2001,1145.869995
01/05/2001,1266.439941
01/06/2001,1260.670044
02/07/2001,1236.719971
01/08/2001,1215.930054
04/09/2001,1132.939941
01/10/2001,1038.550049
01/11/2001,1084.099976
03/12/2001,1129.900024
02/01/2002,1154.670044
01/02/2002,1122.199951
01/03/2002,1131.780029
01/04/2002,1146.540039
01/05/2002,1086.459961
03/06/2002,1040.680054
01/07/2002,968.650024
01/08/2002,884.659973
03/09/2002,878.020020
01/10/2002,847.909973
01/11/2002,900.960022
02/12/2002,934.530029
02/01/2003,909.030029
03/02/2003,860.320007
03/03/2003,834.809998
01/04/2003,858.479980
01/05/2003,916.299988
02/06/2003,967.000000
01/07/2003,982.320007
01/08/2003,980.150024
02/09/2003,1021.989990
01/10/2003,1018.219971
03/11/2003,1059.020020
01/12/2003,1070.119995
02/01/2004,1108.479980
02/02/2004,1135.260010
01/03/2004,1155.969971
01/04/2004,1132.170044
03/05/2004,1117.489990
01/06/2004,1121.199951
01/07/2004,1128.939941
02/08/2004,1106.619995
01/09/2004,1105.910034
01/10/2004,1131.500000
01/11/2004,1130.510010
01/12/2004,1191.369995
